figure,quantity,condition,paper,sim,sim_over_paper,sim_flux_calibrated,sim_flux_calibrated_over_paper,unit,note
text,Clausing transmission,l=13mm d=250um,0.026,0.02435,0.936,,,,
text,total flux out of nozzle,T=400C all isotopes,7e+14,6.407e+14,0.915,,,atoms/s,705 tubes vs ~700
text,flux per tube,T=400C all isotopes,1e+12,9.089e+11,0.909,,,atoms/s,
fig4b,angular HWHM theta_1/2,T<=410C (transparent),26.5,18.02,0.68,,,mrad,"sim is molecular-flow only, T independent"
text,angular HWHM theta_1/2,geometric 1.68 d/2l,16,18.02,1.13,,,mrad,
fig4a,"556nm peak absorption, oven cross",T=392C,0.5649,0.3196,0.566,,,percent,
fig4a,556nm absorption FWHM,T=392C,18.36,21.33,1.16,,,MHz,
fig4a,"556nm peak absorption, oven cross",T=409C,0.7703,0.6038,0.784,,,percent,
fig4a,556nm absorption FWHM,T=409C,19.57,21.33,1.09,,,MHz,
fig4a,"556nm peak absorption, oven cross",T=425C,1.732,1.062,0.613,,,percent,paper in opaque regime (lambda < 2 l_c)
fig4a,556nm absorption FWHM,T=425C,27.47,21.89,0.797,,,MHz,paper in opaque regime (lambda < 2 l_c)
fig4a,"556nm peak absorption, oven cross",T=452C,3.431,2.583,0.753,,,percent,paper in opaque regime (lambda < 2 l_c)
fig4a,556nm absorption FWHM,T=452C,38.59,22.44,0.581,,,MHz,paper in opaque regime (lambda < 2 l_c)
fig4a,"556nm peak absorption, oven cross",T=505C,4.897,11.85,2.42,,,percent,paper in opaque regime (lambda < 2 l_c)
fig4a,556nm absorption FWHM,T=505C,51.47,23.43,0.455,,,MHz,paper in opaque regime (lambda < 2 l_c)
fig5,v_perp rms at cell centre,T=400C,6,5.733,0.955,,,m/s,paper: Voigt Gaussian part
fig5b,"399nm peak absorption 174Yb, cell",T=317C,0.167,0.08759,0.524,,,percent,
fig5b,"399nm peak absorption 174Yb, cell",T=332C,0.255,0.1804,0.708,,,percent,
fig5b,"399nm peak absorption 174Yb, cell",T=345C,0.386,0.3307,0.857,,,percent,
fig5b,"399nm peak absorption 174Yb, cell",T=355C,0.508,0.5147,1.01,,,percent,
fig5b,"399nm peak absorption 174Yb, cell",T=367C,0.83,0.8547,1.03,,,percent,
fig5b,"399nm peak absorption 174Yb, cell",T=383C,1.229,1.639,1.33,,,percent,
fig5b,"399nm peak absorption 174Yb, cell",T=390C,1.438,2.123,1.48,,,percent,
fig5b,"399nm peak absorption 174Yb, cell",T=400C,1.856,3.103,1.67,,,percent,
fig5b,"399nm peak absorption 174Yb, cell",T=414C,3.093,5.227,1.69,,,percent,
fig5b,"399nm peak absorption 174Yb, cell",T=428C,4.277,8.397,1.96,,,percent,
fig5b,"399nm peak absorption 174Yb, cell",T=438C,5.521,11.61,2.1,,,percent,
fig5b,"399nm peak absorption 174Yb, cell",T=448C,6.588,15.8,2.4,,,percent,
fig5b,"399nm peak absorption 174Yb, cell",T=470C,8.018,29.1,3.63,,,percent,paper opaque regime
fig5b,"399nm peak absorption 174Yb, cell",T=480C,8.845,37.23,4.21,,,percent,paper opaque regime
fig5b,"399nm peak absorption 174Yb, cell",T=490C,9.854,46.5,4.72,,,percent,paper opaque regime
fig5b,"399nm peak absorption 174Yb, cell",T=500C,11.31,56.55,5,,,percent,paper opaque regime
fig5b,"399nm peak absorption 174Yb, cell",T=507C,11.99,63.71,5.31,,,percent,paper opaque regime
fig5b,"399nm peak absorption 174Yb, cell",T=517C,12.85,73.55,5.73,,,percent,paper opaque regime
fig5b,log10 slope A1 of cell absorption,300-450C,5461,7440,1.36,,,K,sim follows vapour pressure
fig8,load rate L,T=395C s_delta=0.0069 (58 mW),1.35e+06,2.881e+07,21.3,1.944e+07,14.4,atoms/s,
fig8,N_st = L_sim / alpha_paper,T=395C s_delta=0.0069 (58 mW),2.79e+06,4.534e+07,16.2,3.059e+07,11,atoms,alpha=0.64/s from Fig 12 fit
fig8,oven T where sim L = paper L,T=395C s_delta=0.0069 (58 mW),395,321,,,,C,
fig8,load rate L,T=395C s_delta=0.0089 (74 mW),3.95e+06,6.424e+07,16.3,4.334e+07,11,atoms/s,
fig8,N_st = L_sim / alpha_paper,T=395C s_delta=0.0089 (74 mW),9.5e+06,1.001e+08,10.5,6.752e+07,7.11,atoms,alpha=0.64/s from Fig 12 fit
fig8,oven T where sim L = paper L,T=395C s_delta=0.0089 (74 mW),395,326.9,,,,C,
fig8,load rate L,T=395C s_delta=0.0103 (86 mW),1.23e+07,1.05e+08,8.54,7.086e+07,5.76,atoms/s,
fig8,N_st = L_sim / alpha_paper,T=395C s_delta=0.0103 (86 mW),2.1e+07,1.624e+08,7.73,1.096e+08,5.22,atoms,alpha=0.65/s from Fig 12 fit
fig8,oven T where sim L = paper L,T=395C s_delta=0.0103 (86 mW),395,341.3,,,,C,
fig8,load rate L,T=395C s_delta=0.0113 (94 mW),1.81e+07,1.356e+08,7.49,9.146e+07,5.05,atoms/s,
fig8,N_st = L_sim / alpha_paper,T=395C s_delta=0.0113 (94 mW),3.06e+07,2.087e+08,6.82,1.408e+08,4.6,atoms,alpha=0.65/s from Fig 12 fit
fig8,oven T where sim L = paper L,T=395C s_delta=0.0113 (94 mW),395,344.3,,,,C,
fig8,load rate L,T=395C s_delta=0.0119 (99 mW),2.52e+07,1.555e+08,6.17,1.049e+08,4.16,atoms/s,
fig8,N_st = L_sim / alpha_paper,T=395C s_delta=0.0119 (99 mW),3.7e+07,2.387e+08,6.45,1.61e+08,4.35,atoms,alpha=0.65/s from Fig 12 fit
fig8,oven T where sim L = paper L,T=395C s_delta=0.0119 (99 mW),395,348.8,,,,C,
fig6,N_st = L_sim / alpha_paper,T=302C s_delta=0.012,9e+06,4.299e+07,4.78,8.888e+07,9.88,atoms,alpha=0.07/s
fig6,L inferred = alpha_paper N_st,T=302C s_delta=0.012,6.276e+05,2.998e+06,4.78,6.198e+06,9.88,atoms/s,
fig6,oven T where sim L = paper L,T=302C s_delta=0.012,302,272.7,,,,C,
fig6,N_st = L_sim / alpha_paper,T=387C s_delta=0.012,2.6e+07,2.259e+08,8.69,1.655e+08,6.37,atoms,alpha=0.53/s
fig6,L inferred = alpha_paper N_st,T=387C s_delta=0.012,1.375e+07,1.195e+08,8.69,8.752e+07,6.37,atoms/s,
fig6,oven T where sim L = paper L,T=387C s_delta=0.012,387,334.3,,,,C,
fig6,N_st = L_sim / alpha_paper,T=455C s_delta=0.012,1e+07,4.121e+08,41.2,1.76e+08,17.6,atoms,alpha=2.86/s
fig6,L inferred = alpha_paper N_st,T=455C s_delta=0.012,2.856e+07,1.177e+09,41.2,5.026e+08,17.6,atoms/s,
fig6,oven T where sim L = paper L,T=455C s_delta=0.012,455,351.1,,,,C,
fig10,load rate L = alpha N_inf,T=413C (inferred) s_delta=0.09 w=14.9mm,3.515e+06,8.261e+08,235,4.728e+08,134,atoms/s,oven T inferred from alpha_hot = 1/s
fig10,oven T where sim L = paper L,T=413C (inferred) s_delta=0.09 w=14.9mm,413.1,285.9,,,,C,
fig10,load rate L = alpha N_inf,T=413C (inferred) s_delta=0.15 w=14.9mm,5.734e+06,1.219e+09,213,6.975e+08,122,atoms/s,oven T inferred from alpha_hot = 1/s
fig10,oven T where sim L = paper L,T=413C (inferred) s_delta=0.15 w=14.9mm,413.1,287.8,,,,C,
fig10,load rate L = alpha N_inf,T=413C (inferred) s_delta=0.20 w=14.9mm,8.332e+06,1.446e+09,173,8.273e+08,99.3,atoms/s,oven T inferred from alpha_hot = 1/s
fig10,oven T where sim L = paper L,T=413C (inferred) s_delta=0.20 w=14.9mm,413.1,291.7,,,,C,
fig10,load rate L = alpha N_inf,T=413C (inferred) s_delta=0.29 w=14.9mm,1.335e+07,1.742e+09,130,9.967e+08,74.7,atoms/s,oven T inferred from alpha_hot = 1/s
fig10,oven T where sim L = paper L,T=413C (inferred) s_delta=0.29 w=14.9mm,413.1,297.2,,,,C,
fig10,load rate L = alpha N_inf,T=413C (inferred) s_delta=0.35 w=14.9mm,1.787e+07,1.873e+09,105,1.072e+09,60,atoms/s,oven T inferred from alpha_hot = 1/s
fig10,oven T where sim L = paper L,T=413C (inferred) s_delta=0.35 w=14.9mm,413.1,301.6,,,,C,
fig10,load rate L = alpha N_inf,T=413C (inferred) s_delta=0.39 w=14.9mm,2.006e+07,1.99e+09,99.2,1.139e+09,56.8,atoms/s,oven T inferred from alpha_hot = 1/s
fig10,oven T where sim L = paper L,T=413C (inferred) s_delta=0.39 w=14.9mm,413.1,302.6,,,,C,
