detuning_MHz,absorption_pct_T392C,absorption_pct_T409C,absorption_pct_T425C,absorption_pct_T452C,absorption_pct_T505C
-160.0,,-0.014,0.0233,0.0607,0.1167
-158.0,,-0.0093,0.028,0.07,0.1074
-156.0,,-0.0047,0.0327,0.0607,0.112
-154.0,,-0.0047,0.042,0.084,0.1261
-152.0,,-0.0047,0.0327,0.084,0.1447
-150.0,,0.0047,0.0467,0.0887,0.1727
-148.0,,0.0047,0.0514,0.0887,0.1727
-146.0,,0.0047,0.0607,0.1074,0.1727
-144.0,,0.014,0.0607,0.1167,0.1727
-142.0,-0.014,0.0233,0.0607,0.1074,0.1774
-140.0,-0.014,0.0233,0.07,0.1261,0.2148
-138.0,,0.0187,0.0654,0.1167,0.2288
-136.0,0.014,0.0047,0.056,0.1354,0.2194
-134.0,,0.014,0.07,0.1401,0.2334
-132.0,,0.014,0.0794,0.1447,0.2474
-130.0,,0.0187,0.084,0.1541,0.2568
-128.0,-0.0093,0.0327,0.0794,0.1541,0.2708
-126.0,-0.014,0.0233,0.0794,0.1774,0.2941
-124.0,-0.014,0.0233,0.0794,0.1821,0.2988
-122.0,-0.014,0.0233,0.098,0.1727,0.3175
-120.0,,0.014,0.0887,0.1821,0.3315
-118.0,-0.014,0.0233,0.084,0.1821,0.3408
-116.0,,0.0233,0.1027,0.1914,0.3595
-114.0,,0.0233,0.1074,0.2148,0.3875
-112.0,,0.0327,0.1074,0.2288,0.3968
-110.0,,0.014,0.1074,0.2194,0.4062
-108.0,,0.014,0.1074,0.2194,0.4388
-106.0,,0.014,0.1074,0.2474,0.4622
-104.0,,0.0233,0.1261,0.2568,0.4809
-102.0,,0.0327,0.1261,0.2708,0.4949
-100.0,,0.0233,0.1261,0.2801,0.4995
-98.0,-0.0047,0.0327,0.1354,0.3081,0.5275
-96.0,,0.028,0.1447,0.3035,0.5556
-94.0,,0.0233,0.1447,0.3175,0.5929
-92.0,0.0327,0.0233,0.1634,0.3315,0.6022
-90.0,0.0047,0.0467,0.1634,0.3315,0.6162
-88.0,0.0047,0.0467,0.1634,0.3501,0.6489
-86.0,0.0047,0.042,0.1634,0.3688,0.6629
-84.0,0.0047,0.0373,0.1727,0.3875,0.719
-82.0,,0.042,0.1727,0.3922,0.7516
-80.0,0.0093,0.0514,0.1867,0.4155,0.7656
-78.0,0.014,0.0514,0.1914,0.4435,0.7937
-76.0,0.014,0.0607,0.1914,0.4528,0.831
-74.0,0.014,0.0514,0.2194,0.4855,0.8497
-72.0,0.014,0.056,0.2194,0.4809,0.8964
-70.0,,0.0607,0.2148,0.4949,0.943
-68.0,0.0233,0.0607,0.2334,0.5322,0.9757
-66.0,0.0233,0.0607,0.2381,0.5602,0.9991
-64.0,0.0373,0.0794,0.2334,0.5836,1.0691
-62.0,0.0327,0.0794,0.2381,0.6162,1.1204
-60.0,0.0327,0.0794,0.2474,0.6303,1.1438
-58.0,,0.0654,0.2568,0.6629,1.1811
-56.0,0.0373,0.0794,0.2894,0.6769,1.2325
-54.0,0.0327,0.0794,0.2801,0.7096,1.2792
-52.0,0.0467,0.0887,0.2848,0.7236,1.3492
-50.0,0.0467,0.0887,0.2941,0.7656,1.3912
-48.0,0.042,0.0794,0.3081,0.803,1.4332
-46.0,0.0514,0.098,0.3315,0.8497,1.4986
-44.0,0.07,0.1074,0.3455,0.887,1.5733
-42.0,0.0607,0.1074,0.3641,0.9197,1.6527
-40.0,0.07,0.1074,0.3782,0.9664,1.7367
-38.0,0.0794,0.1167,0.3875,1.0131,1.8161
-36.0,0.0794,0.1214,0.4062,1.0644,1.8861
-34.0,0.0934,0.1354,0.4342,1.1251,1.9935
-32.0,0.1074,0.1447,0.4669,1.1765,2.0775
-30.0,0.1074,0.1447,0.4949,1.2465,2.1989
-28.0,0.1074,0.1587,0.5182,1.3212,2.3203
-26.0,0.1307,0.1821,0.5649,1.4052,2.4416
-24.0,0.1401,0.1914,0.5742,1.4799,2.5724
-22.0,0.1494,0.2007,0.6256,1.578,2.7404
-20.0,0.1587,0.2241,0.6443,1.69,2.9085
-18.0,0.1727,0.2474,0.7143,1.8067,3.0812
-16.0,0.1914,0.2568,0.7796,1.9655,3.282
-14.0,0.2101,0.2988,0.859,2.1242,3.5014
-12.0,0.2381,0.3455,0.9617,2.3109,3.7255
-10.0,0.2708,0.3875,1.0644,2.5303,3.9869
-8.0,0.3175,0.4622,1.1998,2.7824,4.239
-6.0,0.3875,0.5415,1.3819,3.0299,4.5191
-4.0,0.4715,0.6676,1.5546,3.24,4.7199
-2.0,0.5509,0.7563,1.704,3.4034,4.8553
0.0,0.5649,0.7703,1.732,3.4314,4.8973
2.0,0.5322,0.733,1.704,3.394,4.8833
4.0,0.4575,0.6349,1.55,3.2353,4.7526
6.0,0.3782,0.5322,1.3725,3.0065,4.5425
8.0,0.3128,0.4435,1.1905,2.7451,4.3044
10.0,0.2614,0.3782,1.0644,2.5023,4.043
12.0,0.2334,0.3361,0.943,2.2969,3.7768
14.0,0.2101,0.3081,0.8543,2.1102,3.5247
16.0,0.1914,0.2614,0.789,1.9374,3.3007
18.0,0.1727,0.2474,0.7283,1.7974,3.1092
20.0,0.1634,0.2148,0.6723,1.6713,2.9318
22.0,0.1447,0.2054,0.6209,1.5686,2.7544
24.0,0.1354,0.1961,0.5789,1.4706,2.5864
26.0,0.1261,0.1867,0.5462,1.3819,2.4276
28.0,0.1074,0.1587,0.5135,1.2792,2.3156
30.0,0.1167,0.1634,0.4762,1.2232,2.1942
32.0,0.1027,0.1447,0.4575,1.1625,2.0822
34.0,0.0887,0.1354,0.4342,1.0971,1.9748
36.0,0.0887,0.1261,0.4202,1.0317,1.8768
38.0,0.0794,0.1214,0.3828,0.9804,1.7787
40.0,0.07,0.1074,0.3782,0.943,1.6993
42.0,0.0607,0.098,0.3548,0.9057,1.6293
44.0,,0.098,0.3501,0.8497,1.55
46.0,0.0607,0.1074,0.3315,0.8123,1.4566
48.0,0.0607,0.098,0.3035,0.7656,1.4006
50.0,0.0514,0.0887,0.2941,0.733,1.3539
52.0,0.042,0.0794,0.2941,0.7003,1.2838
54.0,0.042,0.0794,0.2848,0.6769,1.2232
56.0,0.042,0.0794,0.2614,0.6443,1.1718
58.0,,0.0654,0.2381,0.6162,1.1064
60.0,,0.0607,0.2474,0.5929,1.0598
62.0,,0.0654,0.2568,0.5742,1.0364
64.0,0.0327,0.07,0.2381,0.5415,0.9851
66.0,0.0327,0.07,0.2101,0.5089,0.943
68.0,,0.056,0.1961,0.4902,0.8964
70.0,0.0233,0.0607,0.1867,0.4622,0.8497
72.0,0.0233,0.0607,0.1867,0.4435,0.831
74.0,,0.056,0.1774,0.4342,0.7937
76.0,0.014,0.0607,0.1727,0.4108,0.7423
78.0,0.014,0.0514,0.1727,0.3922,0.7096
80.0,,0.0373,0.1587,0.3735,0.6723
82.0,,0.0514,0.1447,0.3455,0.6489
84.0,0.0047,0.042,0.1447,0.3361,0.6396
86.0,0.014,0.0514,0.1354,0.3221,0.6022
88.0,0.0093,0.0514,0.1214,0.3035,0.5602
90.0,,0.0373,0.1074,0.2894,0.5369
92.0,,0.0373,0.098,0.2614,0.5135
94.0,,0.028,0.1167,0.2568,0.4809
96.0,,0.0327,0.1027,0.2568,0.4482
98.0,0.0047,0.042,0.1074,0.2428,0.4202
100.0,0.0047,0.042,0.098,0.2381,0.3968
102.0,-0.0047,0.042,0.0794,0.2054,0.3735
104.0,-0.0047,0.0327,0.0794,0.1914,0.3688
106.0,0.0,0.042,0.0794,0.1821,0.3455
108.0,-0.0047,0.042,0.0887,0.1821,0.3128
110.0,-0.0047,0.028,0.0747,0.1727,0.2988
112.0,,0.0233,0.07,0.1634,0.2708
114.0,-0.0047,0.0233,0.0607,0.1634,0.2614
116.0,-0.0047,0.0093,0.0607,0.1494,0.2474
118.0,-0.0047,0.0047,0.0514,0.1401,0.2288
120.0,,0.0047,0.0514,0.1354,0.2101
122.0,-0.0047,0.014,0.056,0.112,0.2007
124.0,,0.0,0.0467,0.1027,0.2007
126.0,,-0.014,0.028,0.1027,0.1867
128.0,,-0.0047,0.0327,0.0934,0.1821
130.0,,-0.0047,0.042,0.0887,0.1634
132.0,,-0.0047,0.0233,0.0794,0.1541
134.0,-0.014,-0.0047,0.0233,0.07,0.1307
136.0,-0.014,-0.0047,0.0233,0.0607,0.1354
138.0,-0.014,-0.0047,0.014,0.0514,0.1354
140.0,,-0.0093,0.014,0.0514,0.1214
142.0,,-0.014,0.0233,0.0607,0.1074
144.0,-0.014,-0.0047,0.0093,0.0327,0.084
146.0,,-0.014,-0.0047,0.028,0.0747
148.0,,,-0.0047,0.028,0.0794
150.0,,-0.014,,0.0327,0.0794
152.0,,-0.014,,0.0327,0.07
154.0,,-0.014,-0.0047,0.014,0.0607
156.0,,,-0.0047,0.0233,0.07
158.0,,-0.0233,-0.0047,0.0047,0.056
160.0,,-0.0233,,0.014,0.0514
